DATAFLOW,REF_AREA:Geographic area,INDICATOR:Indicator,SEX:Sex,TIME_PERIOD:Time period,OBS_VALUE:Observation Value,UNIT_MULTIPLIER:Unit multiplier,UNIT_MEASURE:Unit of measure,OBS_STATUS:Observation Status,OBS_CONF:Observation confidentaility,LOWER_BOUND:Lower Bound,UPPER_BOUND:Upper Bound,WGTD_SAMPL_SIZE:Weighted Sample Size,OBS_FOOTNOTE:Observation footnote,SERIES_FOOTNOTE:Series footnote,DATA_SOURCE:Data Source,SOURCE_LINK:Citation of or link to the data source,CUSTODIAN:Custodian,TIME_PERIOD_METHOD:Time period activity related to when the data are collected,REF_PERIOD:Reference Period,COVERAGE_TIME:The period of time for which data are provided,AGE:Current age,ISO3Code
UNICEF:GLOBAL_DATAFLOW(1.0): Cross-sector indicators,AFG: Afghanistan,MNCH_ANC4: Antenatal care 4+ visits - percentage of women (aged 15-49 years) attended at least four times during pregnancy by any provider,_T: Total,2018,20.9,0: Units,PCNT: %,RP: Reported,F: Free,,,,,,Afghanistan Health Survey 2018. Amsterdam: KIT Royal Tropical Institute; 2018.,,,EOF: End of fieldwork,,2010-2023,Y15T49: 15 to 49 years old,AFG
UNICEF:GLOBAL_DATAFLOW(1.0): Cross-sector indicators,ALB: Albania,MNCH_ANC4: Antenatal care 4+ visits - percentage of women (aged 15-49 years) attended at least four times during pregnancy by any provider,_T: Total,2018,77.8,0: Units,PCNT: %,RP: Reported,F: Free,,,,,,Demographic and Health Survey 2017-2018,,,EOF: End of fieldwork,,2002-2018,Y15T49: 15 to 49 years old,ALB
UNICEF:GLOBAL_DATAFLOW(1.0): Cross-sector indicators,DZA: Algeria,MNCH_ANC4: Antenatal care 4+ visits - percentage of women (aged 15-49 years) attended at least four times during pregnancy by any provider,_T: Total,2019,69.8,0: Units,PCNT: %,RP: Reported,F: Free,,,,,,Multiple Indicator Cluster Survey 2018-2019,,,EOF: End of fieldwork,,2013-2019,Y15T49: 15 to 49 years old,DZA
UNICEF:GLOBAL_DATAFLOW(1.0): Cross-sector indicators,AIA: Anguilla,MNCH_SAB: Skilled birth attendant - percentage of deliveries attended by skilled health personnel,_T: Total,2018,100.0,0: Units,PCNT: %,RP: Reported,F: Free,,,,Unclear definition of the cadres included (Trained personnel),,PLISA Health Information Platform. Indicator profile: Deliveries attended by skilled birth attendants (%) [online database]. Washington; DC: Pan American Health Organization/World Health Organization (PAHO/WHO); 2021 (https://opendata.paho.org/es/indicadores-basicos/tablero-de-los-indicadores-basicos); accessed December 30; 2021).,Joint UNICEF-WHO Database on Skilled Birth Attendance 2024 (SDG inclusion=1),,EOF: End of fieldwork,,2010-2020,Y15T49: 15 to 49 years old,AIA
UNICEF:GLOBAL_DATAFLOW(1.0): Cross-sector indicators,ATG: Antigua and Barbuda,MNCH_SAB: Skilled birth attendant - percentage of deliveries attended by skilled health personnel,_T: Total,2020,99.0,0: Units,PCNT: %,RP: Reported,F: Free,,,,Unclear definition of the cadres included (Trained personnel),,PLISA Health Information Platform. Indicator profile: Deliveries attended by skilled birth attendants (%) [online database]. Washington; DC: Pan American Health Organization/World Health Organization (PAHO/WHO); 2021 (https://opendata.paho.org/es/indicadores-basicos/tablero-de-los-indicadores-basicos); accessed September 30; 2021).,Joint UNICEF-WHO Database on Skilled Birth Attendance 2024 (SDG inclusion=1),,EOF: End of fieldwork,,2000-2020,Y15T49: 15 to 49 years old,ATG
UNICEF:GLOBAL_DATAFLOW(1.0): Cross-sector indicators,ARG: Argentina,MNCH_ANC4: Antenatal care 4+ visits - percentage of women (aged 15-49 years) attended at least four times during pregnancy by any provider,_T: Total,2020,90.4,0: Units,PCNT: %,RP: Reported,F: Free,,,,,,Multiple Indicator Cluster Survey 2019-2020,,,EOF: End of fieldwork,,2005-2020,Y15T49: 15 to 49 years old,ARG
UNICEF:GLOBAL_DATAFLOW(1.0): Cross-sector indicators,AUS: Australia,MNCH_SAB: Skilled birth attendant - percentage of deliveries attended by skilled health personnel,_T: Total,2018,98.7,0: Units,PCNT: %,RP: Reported,F: Free,,,,Institutional Birth (IB): includes all deliveries that occurred at a health facility,,Australian Institute of Health and Welfare. Australia's mothers and babies 2018: in brief. Perinatal statistics series no. 36. Cat. no. PER 108. Canberra: AIHW; 2020.,Joint UNICEF-WHO Database on Skilled Birth Attendance 2024 (SDG inclusion=1),,EOF: End of fieldwork,,2000-2021,Y15T49: 15 to 49 years old,AUS
UNICEF:GLOBAL_DATAFLOW(1.0): Cross-sector indicators,AUT: Austria,MNCH_SAB: Skilled birth attendant - percentage of deliveries attended by skilled health personnel,_T: Total,2018,98.4,0: Units,PCNT: %,RP: Reported,F: Free,,,,Institutional Birth (IB): includes all deliveries that occurred at a health facility,,Vital statistics. Live births (with place of birth in Austria) by medical characteristics since 2008 [website]. Vienna: Statistics Austria; 2019 (http://www.statistik.at/web_en/statistics/PeopleSociety/health/medical_and_sociomedical_characteristics_of_live_birth/110639.html; accessed 10 February 2020).,Joint UNICEF-WHO Database on Skilled Birth Attendance 2024 (SDG inclusion=1),,EOF: End of fieldwork,,2000-2022,Y15T49: 15 to 49 years old,AUT
UNICEF:GLOBAL_DATAFLOW(1.0): Cross-sector indicators,AZE: Azerbaijan,MNCH_SAB: Skilled birth attendant - percentage of deliveries attended by skilled health personnel,_T: Total,2018,99.4,0: Units,PCNT: %,RP: Reported,F: Free,,,,Unclear definition of the cadres included (Skilled health personnel),,Statistical Yearbook 2019. Women and Men in Azerbaijan. Baku: State Statistical Committee of the Republic of Azerbaijan; 2019.,Joint UNICEF-WHO Database on Skilled Birth Attendance 2024 (SDG inclusion=1),,EOF: End of fieldwork,,2000-2022,Y15T49: 15 to 49 years old,AZE
UNICEF:GLOBAL_DATAFLOW(1.0): Cross-sector indicators,BHS: Bahamas,MNCH_SAB: Skilled birth attendant - percentage of deliveries attended by skilled health personnel,_T: Total,2018,99.0,0: Units,PCNT: %,RP: Reported,F: Free,,,,Unclear definition of the cadres included (Trained personnel),,PLISA Health Information Platform. Indicator profile: Deliveries attended by skilled birth attendants (%) [online database]. Washington; DC: Pan American Health Organization/World Health Organization (PAHO/WHO); 2021 (https://opendata.paho.org/es/indicadores-basicos/tablero-de-los-indicadores-basicos; accessed 30 December 2021).,Joint UNICEF-WHO Database on Skilled Birth Attendance 2024 (SDG inclusion=1),,EOF: End of fieldwork,,2000-2020,Y15T49: 15 to 49 years old,BHS
UNICEF:GLOBAL_DATAFLOW(1.0): Cross-sector indicators,BHR: Bahrain,MNCH_SAB: Skilled birth attendant - percentage of deliveries attended by skilled health personnel,_T: Total,2018,99.6,0: Units,PCNT: %,RP: Reported,F: Free,,,,Institutional Birth (IB): includes all deliveries that occurred at a health facility,,Health Statistics of 2018. Bahrain: Ministry of Health; 2019.,Joint UNICEF-WHO Database on Skilled Birth Attendance 2024 (SDG inclusion=1),,EOF: End of fieldwork,,2000-2020,Y15T49: 15 to 49 years old,BHR
UNICEF:GLOBAL_DATAFLOW(1.0): Cross-sector indicators,BGD: Bangladesh,MNCH_ANC4: Antenatal care 4+ visits - percentage of women (aged 15-49 years) attended at least four times during pregnancy by any provider,_T: Total,2018,47.0,0: Units,PCNT: %,RP: Reported,F: Free,,,,,,Demographic and Health Survey 2017-2018,,,EOF: End of fieldwork,,2000-2022,Y15T49: 15 to 49 years old,BGD
UNICEF:GLOBAL_DATAFLOW(1.0): Cross-sector indicators,BRB: Barbados,MNCH_SAB: Skilled birth attendant - percentage of deliveries attended by skilled health personnel,_T: Total,2018,99.0,0: Units,PCNT: %,RP: Reported,F: Free,,,,Unclear definition of the cadres included (Trained personnel),,PLISA Health Information Platform. Indicator profile: Deliveries attended by skilled birth attendants (%) [online database]. Washington; DC: Pan American Health Organization/World Health Organization (PAHO/WHO); 2021 (https://opendata.paho.org/es/indicadores-basicos/tablero-de-los-indicadores-basicos; accessed 30 December 2021).,Joint UNICEF-WHO Database on Skilled Birth Attendance 2024 (SDG inclusion=1),,EOF: End of fieldwork,,2000-2020,Y15T49: 15 to 49 years old,BRB
UNICEF:GLOBAL_DATAFLOW(1.0): Cross-sector indicators,BLR: Belarus,MNCH_ANC4: Antenatal care 4+ visits - percentage of women (aged 15-49 years) attended at least four times during pregnancy by any provider,_T: Total,2019,99.9,0: Units,PCNT: %,RP: Reported,F: Free,,,,,,Multiple Indicator Cluster Survey 2019,,,EOF: End of fieldwork,,2012-2019,Y15T49: 15 to 49 years old,BLR
UNICEF:GLOBAL_DATAFLOW(1.0): Cross-sector indicators,BLZ: Belize,MNCH_SAB: Skilled birth attendant - percentage of deliveries attended by skilled health personnel,_T: Total,2018,94.8,0: Units,PCNT: %,RP: Reported,F: Free,,,,Unclear definition of the cadres included (Trained personnel),,PLISA Health Information Platform. Indicator profile: Deliveries attended by skilled birth attendants (%) [online database]. Washington; DC: Pan American Health Organization/World Health Organization (PAHO/WHO); 2021 (https://opendata.paho.org/es/indicadores-basicos/tablero-de-los-indicadores-basicos; accessed 30 December 2021).,Joint UNICEF-WHO Database on Skilled Birth Attendance 2024 (SDG inclusion=1),,EOF: End of fieldwork,,2000-2020,Y15T49: 15 to 49 years old,BLZ
UNICEF:GLOBAL_DATAFLOW(1.0): Cross-sector indicators,BEN: Benin,MNCH_ANC4: Antenatal care 4+ visits - percentage of women (aged 15-49 years) attended at least four times during pregnancy by any provider,_T: Total,2018,52.1,0: Units,PCNT: %,RP: Reported,F: Free,,,,,,Demographic and Health Survey 2017-2018,,,EOF: End of fieldwork,,2001-2022,Y15T49: 15 to 49 years old,BEN
UNICEF:GLOBAL_DATAFLOW(1.0): Cross-sector indicators,BTN: Bhutan,MNCH_SAB: Skilled birth attendant - percentage of deliveries attended by skilled health personnel,_T: Total,2018,96.2,0: Units,PCNT: %,RP: Reported,F: Free,,,,Unclear definition of the cadres included (Trained personnel),,Statistical Yearbook of Bhutan 2019. Thimphu: National Statistics Bureau [Bhutan]; 2019.,Joint UNICEF-WHO Database on Skilled Birth Attendance 2024 (SDG inclusion=1),,EOF: End of fieldwork,,2000-2021,Y15T49: 15 to 49 years old,BTN
UNICEF:GLOBAL_DATAFLOW(1.0): Cross-sector indicators,BOL: Bolivia (Plurinational State of),MNCH_SAB: Skilled birth attendant - percentage of deliveries attended by skilled health personnel,_T: Total,2018,83.1,0: Units,PCNT: %,RP: Reported,F: Free,,,,Institutional Birth (IB): includes all deliveries that occurred at a health facility,,Registros administrativos del Sistema Nacional de Salud y Vigilancia Epidemiológica del Ministerio de Salud y Deportes - 2022,Joint UNICEF-WHO Database on Skilled Birth Attendance 2024 (SDG inclusion=1),,EOF: End of fieldwork,,2000-2022,Y15T49: 15 to 49 years old,BOL
UNICEF:GLOBAL_DATAFLOW(1.0): Cross-sector indicators,BIH: Bosnia and Herzegovina,MNCH_SAB: Skilled birth attendant - percentage of deliveries attended by skilled health personnel,_T: Total,2018,99.9,0: Units,PCNT: %,RP: Reported,F: Free,,,,"Cadres included align with the standard definition of: Doctor, nurse and/or midwife",,Statistical Yearbook Federation of Bosnia and Herzegovina 2019. Sarajevo: Institute for Statistics of Federation of Bosnia and Herzegovina; 2019.,Joint UNICEF-WHO Database on Skilled Birth Attendance 2024 (SDG inclusion=1),,EOF: End of fieldwork,,2000-2021,Y15T49: 15 to 49 years old,BIH
UNICEF:GLOBAL_DATAFLOW(1.0): Cross-sector indicators,BWA: Botswana,MNCH_SAB: Skilled birth attendant - percentage of deliveries attended by skilled health personnel,_T: Total,2018,99.8,0: Units,PCNT: %,RP: Reported,F: Free,,,,Institutional Birth (IB): includes all deliveries that occurred at a health facility,,Botswana Maternal Mortality Ratio 2021. Gaborone: Statistics Botswana (CSO); 2023.,Joint UNICEF-WHO Database on Skilled Birth Attendance 2024 (SDG inclusion=1),,EOF: End of fieldwork,,2000-2021,Y15T49: 15 to 49 years old,BWA
UNICEF:GLOBAL_DATAFLOW(1.0): Cross-sector indicators,BRA: Brazil,MNCH_ANC4: Antenatal care 4+ visits - percentage of women (aged 15-49 years) attended at least four times during pregnancy by any provider,_T: Total,2018,92.3,0: Units,PCNT: %,RP: Reported,F: Free,,,,,,Brazil Live Birth Information System (SINASC); Ministry of Health [Brazil]; 2021,,,EOF: End of fieldwork,,2000-2021,Y15T49: 15 to 49 years old,BRA
UNICEF:GLOBAL_DATAFLOW(1.0): Cross-sector indicators,BRN: Brunei Darussalam,MNCH_SAB: Skilled birth attendant - percentage of deliveries attended by skilled health personnel,_T: Total,2018,99.8,0: Units,PCNT: %,RP: Reported,F: Free,,,,Unclear definition of the cadres included (Skilled health personnel),,Ministry of Health [Brunei Darussalam]; 2022.,Joint UNICEF-WHO Database on Skilled Birth Attendance 2024 (SDG inclusion=1),,EOF: End of fieldwork,,2000-2021,Y15T49: 15 to 49 years old,BRN
UNICEF:GLOBAL_DATAFLOW(1.0): Cross-sector indicators,BGR: Bulgaria,MNCH_SAB: Skilled birth attendant - percentage of deliveries attended by skilled health personnel,_T: Total,2018,93.0,0: Units,PCNT: %,RP: Reported,F: Free,,,,"Cadres included align with the standard definition of: Doctor, nurse and/or midwife",,National Statistical Institute of Bulgaria; 2022. (Reported on 2 December 2022),Joint UNICEF-WHO Database on Skilled Birth Attendance 2024 (SDG inclusion=1),,EOF: End of fieldwork,,2000-2021,Y15T49: 15 to 49 years old,BGR
UNICEF:GLOBAL_DATAFLOW(1.0): Cross-sector indicators,BFA: Burkina Faso,MNCH_ANC4: Antenatal care 4+ visits - percentage of women (aged 15-49 years) attended at least four times during pregnancy by any provider,_T: Total,2021,72.1,0: Units,PCNT: %,RP: Reported,F: Free,,,,,,Demographic and Health Survey 2021,Statcompiler,,EOF: End of fieldwork,,2003-2021,Y15T49: 15 to 49 years old,BFA
UNICEF:GLOBAL_DATAFLOW(1.0): Cross-sector indicators,BDI: Burundi,MNCH_SAB: Skilled birth attendant - percentage of deliveries attended by skilled health personnel,_T: Total,2018,86.2,0: Units,PCNT: %,RP: Reported,F: Free,,,,Unclear definition of the cadres included,,Annuaire des Statistisques Sanitaires 2022,Joint UNICEF-WHO Database on Skilled Birth Attendance 2024 (SDG inclusion=1),,EOF: End of fieldwork,,2000-2022,Y15T49: 15 to 49 years old,BDI
UNICEF:GLOBAL_DATAFLOW(1.0): Cross-sector indicators,CPV: Cabo Verde,MNCH_ANC4: Antenatal care 4+ visits - percentage of women (aged 15-49 years) attended at least four times during pregnancy by any provider,_T: Total,2018,85.6,0: Units,PCNT: %,RP: Reported,F: Free,,,,,,Inquérito Demográfico ede Saúde Reprodutiva 2018,,,EOF: End of fieldwork,,2005-2018,Y15T49: 15 to 49 years old,CPV
UNICEF:GLOBAL_DATAFLOW(1.0): Cross-sector indicators,KHM: Cambodia,MNCH_ANC4: Antenatal care 4+ visits - percentage of women (aged 15-49 years) attended at least four times during pregnancy by any provider,_T: Total,2022,86.0,0: Units,PCNT: %,RP: Reported,F: Free,,,,,,DHS 2021-2022,,,EOF: End of fieldwork,,2000-2022,Y15T49: 15 to 49 years old,KHM
UNICEF:GLOBAL_DATAFLOW(1.0): Cross-sector indicators,CMR: Cameroon,MNCH_ANC4: Antenatal care 4+ visits - percentage of women (aged 15-49 years) attended at least four times during pregnancy by any provider,_T: Total,2018,64.9,0: Units,PCNT: %,RP: Reported,F: Free,,,,,,Demographic and Health Survey 2018,,,EOF: End of fieldwork,,2004-2018,Y15T49: 15 to 49 years old,CMR
UNICEF:GLOBAL_DATAFLOW(1.0): Cross-sector indicators,CAN: Canada,MNCH_SAB: Skilled birth attendant - percentage of deliveries attended by skilled health personnel,_T: Total,2018,98.0,0: Units,PCNT: %,RP: Reported,F: Free,,,,Institutional Birth (IB): includes all deliveries that occurred at a health facility,,Table 13-10-0429-01 - Live births and fetal deaths (stillbirths); by place of birth (hospital or non-hospital) [database]. Ottawa: Statistics Canada; Government of Canada; 2020 (https://www150.statcan.gc.ca/t1/tbl1/en/tv.action?pid=1310042901; accessed 10 February 2020).,Joint UNICEF-WHO Database on Skilled Birth Attendance 2024 (SDG inclusion=1),,EOF: End of fieldwork,,2000-2021,Y15T49: 15 to 49 years old,CAN
UNICEF:GLOBAL_DATAFLOW(1.0): Cross-sector indicators,CAF: Central African Republic,MNCH_ANC4: Antenatal care 4+ visits - percentage of women (aged 15-49 years) attended at least four times during pregnancy by any provider,_T: Total,2019,41.4,0: Units,PCNT: %,RP: Reported,F: Free,,,,,,Multiple Indicator Cluster Survey 2018-2019,,,EOF: End of fieldwork,,2010-2019,Y15T49: 15 to 49 years old,CAF
UNICEF:GLOBAL_DATAFLOW(1.0): Cross-sector indicators,TCD: Chad,MNCH_SAB: Skilled birth attendant - percentage of deliveries attended by skilled health personnel,_T: Total,2019,47.2,0: Units,PCNT: %,RP: Reported,F: Free,,,,"Definition includes other cadres that is not in alignment with the standard definition (Médecin (2.3%), Infirmier (e)/Sage femme (32.2%), Matrone/agent de l’hôpital ou centre de santé (4.3%))",,INSEED et UNICEF. 2020. MICS6-Tchad; 2019; Rapport final. N'Djamena; Tchad.,Joint UNICEF-WHO Database on Skilled Birth Attendance 2024 (SDG inclusion=1),,EOF: End of fieldwork,,2000-2019,Y15T49: 15 to 49 years old,TCD
UNICEF:GLOBAL_DATAFLOW(1.0): Cross-sector indicators,CHL: Chile,MNCH_SAB: Skilled birth attendant - percentage of deliveries attended by skilled health personnel,_T: Total,2018,99.8,0: Units,PCNT: %,RP: Reported,F: Free,,,,Unclear definition of the cadres included (Trained personnel),,PLISA Health Information Platform. Indicator profile: Deliveries attended by skilled birth attendants (%) [online database]. Washington; DC: Pan American Health Organization/World Health Organization (PAHO/WHO); 2021 (https://opendata.paho.org/es/indicadores-basicos/tablero-de-los-indicadores-basicos; accessed 30 December 2021).,Joint UNICEF-WHO Database on Skilled Birth Attendance 2024 (SDG inclusion=1),,EOF: End of fieldwork,,2000-2020,Y15T49: 15 to 49 years old,CHL
UNICEF:GLOBAL_DATAFLOW(1.0): Cross-sector indicators,CHN: China,MNCH_ANC4: Antenatal care 4+ visits - percentage of women (aged 15-49 years) attended at least four times during pregnancy by any provider,_T: Total,2018,92.9,0: Units,PCNT: %,RP: Reported,F: Free,,,,,,National Health Services Survey 2018,,,EOF: End of fieldwork,,2013-2018,Y15T49: 15 to 49 years old,CHN
UNICEF:GLOBAL_DATAFLOW(1.0): Cross-sector indicators,COL: Colombia,MNCH_SAB: Skilled birth attendant - percentage of deliveries attended by skilled health personnel,_T: Total,2018,98.4,0: Units,PCNT: %,RP: Reported,F: Free,,,,"Cadres included align with the standard definition of: Doctor, nurse and/or midwife",,DANE [online database]. Estadísticas Vitales - Nacimientos 2018. Cifras definitivas 2018. Bogotá D.C.: Departamento Administrativo Nacional de Estadística (DANE); 2019 (https://www.dane.gov.co/index.php/estadisticas-por-tema/salud/nacimientos-y-defunciones/nacimientos/nacimientos-2018; accessed 28 January 2020; in Spanish).,Joint UNICEF-WHO Database on Skilled Birth Attendance 2024 (SDG inclusion=1),,EOF: End of fieldwork,,2000-2021,Y15T49: 15 to 49 years old,COL
UNICEF:GLOBAL_DATAFLOW(1.0): Cross-sector indicators,COM: Comoros,MNCH_ANC4: Antenatal care 4+ visits - percentage of women (aged 15-49 years) attended at least four times during pregnancy by any provider,_T: Total,2022,64.3,0: Units,PCNT: %,RP: Reported,F: Free,,,,,,MICS 2022,,,EOF: End of fieldwork,,2012-2022,Y15T49: 15 to 49 years old,COM
UNICEF:GLOBAL_DATAFLOW(1.0): Cross-sector indicators,CRI: Costa Rica,MNCH_ANC4: Antenatal care 4+ visits - percentage of women (aged 15-49 years) attended at least four times during pregnancy by any provider,_T: Total,2018,94.1,0: Units,PCNT: %,RP: Reported,F: Free,,,,,,Multiple Indicator Cluster Survey 2018,,,EOF: End of fieldwork,,2008-2018,Y15T49: 15 to 49 years old,CRI
UNICEF:GLOBAL_DATAFLOW(1.0): Cross-sector indicators,HRV: Croatia,MNCH_ANC4: Antenatal care 4+ visits - percentage of women (aged 15-49 years) attended at least four times during pregnancy by any provider,_T: Total,2018,97.8,0: Units,PCNT: %,RP: Reported,F: Free,,,,,,n Institute for Public Health 2018,,,EOF: End of fieldwork,,2014-2022,Y15T49: 15 to 49 years old,HRV
UNICEF:GLOBAL_DATAFLOW(1.0): Cross-sector indicators,CUB: Cuba,MNCH_ANC4: Antenatal care 4+ visits - percentage of women (aged 15-49 years) attended at least four times during pregnancy by any provider,_T: Total,2019,79.3,0: Units,PCNT: %,RP: Reported,F: Free,,,,The total includes 27 adolescents and women between the ages of 15 and 49 with a live-born child in the last 2 years without weighting from la Isla de la Juventud.,,Multiple Indicator Cluster Survey 2019,,,EOF: End of fieldwork,,2009-2019,Y15T49: 15 to 49 years old,CUB
UNICEF:GLOBAL_DATAFLOW(1.0): Cross-sector indicators,CYP: Cyprus,MNCH_SAB: Skilled birth attendant - percentage of deliveries attended by skilled health personnel,_T: Total,2018,99.9,0: Units,PCNT: %,RP: Reported,F: Free,,,,Institutional Birth (IB): includes all deliveries that occurred at a health facility,,Health Monitoring Unit (HMU); Ministry of Health,Joint UNICEF-WHO Database on Skilled Birth Attendance 2024 (SDG inclusion=1),,EOF: End of fieldwork,,2000-2021,Y15T49: 15 to 49 years old,CYP
UNICEF:GLOBAL_DATAFLOW(1.0): Cross-sector indicators,CIV: Côte d'Ivoire,MNCH_ANC4: Antenatal care 4+ visits - percentage of women (aged 15-49 years) attended at least four times during pregnancy by any provider,_T: Total,2021,56.3,0: Units,PCNT: %,RP: Reported,F: Free,,,,,,Demographic and Health Survey 2021,,,EOF: End of fieldwork,,2005-2021,Y15T49: 15 to 49 years old,CIV
UNICEF:GLOBAL_DATAFLOW(1.0): Cross-sector indicators,COD: Democratic Republic of the Congo,MNCH_ANC4: Antenatal care 4+ visits - percentage of women (aged 15-49 years) attended at least four times during pregnancy by any provider,_T: Total,2018,42.9,0: Units,PCNT: %,RP: Reported,F: Free,,,,,,Multiple Indicator Cluster Survey 2017-2018,,,EOF: End of fieldwork,,2007-2018,Y15T49: 15 to 49 years old,COD
UNICEF:GLOBAL_DATAFLOW(1.0): Cross-sector indicators,DNK: Denmark,MNCH_SAB: Skilled birth attendant - percentage of deliveries attended by skilled health personnel,_T: Total,2018,95.3,0: Units,PCNT: %,RP: Reported,F: Free,,,,Institutional Birth (IB): includes all deliveries that occurred at a health facility,,Det Medicinske Fødselsregister (MFR); MFR-kuben; Institutional deliveries [online database]. Copenhagen: Sundhedsdatastyrelsen [National Board of Health Data; Denmark]; 2019 (https://www.esundhed.dk/Registre/Det-medicinske-foedselsregister/Foedte-og-foedsler-1997-og-frem#tabpanel61119A72216248AC86DB508579760DED; accessed 12 February 2020; in Danish).,Joint UNICEF-WHO Database on Skilled Birth Attendance 2024 (SDG inclusion=1),,EOF: End of fieldwork,,2000-2022,Y15T49: 15 to 49 years old,DNK
UNICEF:GLOBAL_DATAFLOW(1.0): Cross-sector indicators,DMA: Dominica,MNCH_SAB: Skilled birth attendant - percentage of deliveries attended by skilled health personnel,_T: Total,2018,100.0,0: Units,PCNT: %,RP: Reported,F: Free,,,,Unclear definition of the cadres included (Trained personnel),,PLISA Health Information Platform. Indicator profile: Deliveries attended by skilled birth attendants (%) [online database]. Washington; DC: Pan American Health Organization/World Health Organization (PAHO/WHO); 2021 (https://opendata.paho.org/es/indicadores-basicos/tablero-de-los-indicadores-basicos; accessed 30 December 2021).,Joint UNICEF-WHO Database on Skilled Birth Attendance 2024 (SDG inclusion=1),,EOF: End of fieldwork,,2000-2020,Y15T49: 15 to 49 years old,DMA
UNICEF:GLOBAL_DATAFLOW(1.0): Cross-sector indicators,DOM: Dominican Republic,MNCH_ANC4: Antenatal care 4+ visits - percentage of women (aged 15-49 years) attended at least four times during pregnancy by any provider,_T: Total,2019,92.6,0: Units,PCNT: %,RP: Reported,F: Free,,,,,,Multiple Indicator Cluster Survey 2019,,,EOF: End of fieldwork,,2002-2019,Y15T49: 15 to 49 years old,DOM
UNICEF:GLOBAL_DATAFLOW(1.0): Cross-sector indicators,ECU: Ecuador,MNCH_SAB: Skilled birth attendant - percentage of deliveries attended by skilled health personnel,_T: Total,2018,96.0,0: Units,PCNT: %,RP: Reported,F: Free,,,,"Cadres included align with the standard definition of: Doctor, nurse and/or midwife (Doctors, obstetrician and nurse)",,Registro Estadístico de Nacidos Vivos; Instituto Nacional de Estadística y Censos,Joint UNICEF-WHO Database on Skilled Birth Attendance 2024 (SDG inclusion=1),,EOF: End of fieldwork,,2000-2020,Y15T49: 15 to 49 years old,ECU
UNICEF:GLOBAL_DATAFLOW(1.0): Cross-sector indicators,EGY: Egypt,MNCH_ANC4: Antenatal care 4+ visits - percentage of women (aged 15-49 years) attended at least four times during pregnancy by any provider,_T: Total,2021,89.9,0: Units,PCNT: %,RP: Reported,F: Free,,,,,,Egypt Family Health Survey 2021 (Key findings),,,EOF: End of fieldwork,,2000-2021,Y15T49: 15 to 49 years old,EGY
UNICEF:GLOBAL_DATAFLOW(1.0): Cross-sector indicators,SLV: El Salvador,MNCH_SAB: Skilled birth attendant - percentage of deliveries attended by skilled health personnel,_T: Total,2018,99.9,0: Units,PCNT: %,RP: Reported,F: Free,,,,"Cadres included align with the standard definition of: Doctor, nurse and/or midwife",,Informe de Labores 2018-2019. San Salvador: Ministerio de Salud de El Salvador; 2019 (in Spanish).,Joint UNICEF-WHO Database on Skilled Birth Attendance 2024 (SDG inclusion=1),,EOF: End of fieldwork,,2003-2021,Y15T49: 15 to 49 years old,SLV
UNICEF:GLOBAL_DATAFLOW(1.0): Cross-sector indicators,EST: Estonia,MNCH_SAB: Skilled birth attendant - percentage of deliveries attended by skilled health personnel,_T: Total,2018,99.6,0: Units,PCNT: %,RP: Reported,F: Free,,,,"Cadres included align with the standard definition of: Doctor, nurse and/or midwife",,Estonian Medical Birth Registry (EMBR). Skilled birth attendant; 1992-2019. Tallinn: National Institute for Health Development [Estonia]; 2020,Joint UNICEF-WHO Database on Skilled Birth Attendance 2024 (SDG inclusion=1),,EOF: End of fieldwork,,2000-2022,Y15T49: 15 to 49 years old,EST
UNICEF:GLOBAL_DATAFLOW(1.0): Cross-sector indicators,SWZ: Eswatini,MNCH_ANC4: Antenatal care 4+ visits - percentage of women (aged 15-49 years) attended at least four times during pregnancy by any provider,_T: Total,2022,73.5,0: Units,PCNT: %,RP: Reported,F: Free,,,,,,Central Statistical Office (CSO). 2023. Eswatini Multiple Indicator Cluster Survey 2021-2022; Survey Findings Report. Mbabane; Eswatini: Central Statistical Office (CSO).,,,EOF: End of fieldwork,,2007-2022,Y15T49: 15 to 49 years old,SWZ
UNICEF:GLOBAL_DATAFLOW(1.0): Cross-sector indicators,ETH: Ethiopia,MNCH_ANC4: Antenatal care 4+ visits - percentage of women (aged 15-49 years) attended at least four times during pregnancy by any provider,_T: Total,2019,43.0,0: Units,PCNT: %,RP: Reported,F: Free,,,,,,Demographic and Health Survey (Mini) 2019,,,EOF: End of fieldwork,,2000-2019,Y15T49: 15 to 49 years old,ETH
UNICEF:GLOBAL_DATAFLOW(1.0): Cross-sector indicators,FJI: Fiji,MNCH_ANC4: Antenatal care 4+ visits - percentage of women (aged 15-49 years) attended at least four times during pregnancy by any provider,_T: Total,2021,88.7,0: Units,PCNT: %,RP: Reported,F: Free,,,,,,Multiple Indicator Cluster Survey 2021,,,EOF: End of fieldwork,,2013-2021,Y15T49: 15 to 49 years old,FJI
UNICEF:GLOBAL_DATAFLOW(1.0): Cross-sector indicators,FIN: Finland,MNCH_SAB: Skilled birth attendant - percentage of deliveries attended by skilled health personnel,_T: Total,2018,99.6,0: Units,PCNT: %,RP: Reported,F: Free,,,,Unclear definition of the cadres included (Skilled health personnel),,Statistics Finland: https://pxnet2.stat.fi/PXWeb/pxweb/en/SDG/; last accessed 29/12/2021,Joint UNICEF-WHO Database on Skilled Birth Attendance 2024 (SDG inclusion=1),,EOF: End of fieldwork,,2000-2021,Y15T49: 15 to 49 years old,FIN
UNICEF:GLOBAL_DATAFLOW(1.0): Cross-sector indicators,FRA: France,MNCH_SAB: Skilled birth attendant - percentage of deliveries attended by skilled health personnel,_T: Total,2018,98.1,0: Units,PCNT: %,RP: Reported,F: Free,,,,Institutional Birth (IB): includes all deliveries that occurred at a health facility,,T64: Nés vivants selon la condition de l'accouchement et le groupe d'âges de la mère. France métropolitaine. Année 2018 [website]. Paris: Institut National de la Statistique et des Études Économiques (INSEE) [National Institute of Statistics and Economic Studies]; 2019 (https://www.insee.fr/fr/statistiques/3576469?sommaire=3576483; accessed 12 February 2020; in French).,Joint UNICEF-WHO Database on Skilled Birth Attendance 2024 (SDG inclusion=1),,EOF: End of fieldwork,,2001-2023,Y15T49: 15 to 49 years old,FRA
UNICEF:GLOBAL_DATAFLOW(1.0): Cross-sector indicators,GAB: Gabon,MNCH_ANC4: Antenatal care 4+ visits - percentage of women (aged 15-49 years) attended at least four times during pregnancy by any provider,_T: Total,2021,77.8,0: Units,PCNT: %,RP: Reported,F: Free,,,,,,Demographic and Health Survey 2019-21,Statcompiler,,EOF: End of fieldwork,,2001-2021,Y15T49: 15 to 49 years old,GAB
UNICEF:GLOBAL_DATAFLOW(1.0): Cross-sector indicators,GMB: Gambia,MNCH_ANC4: Antenatal care 4+ visits - percentage of women (aged 15-49 years) attended at least four times during pregnancy by any provider,_T: Total,2018,75.6,0: Units,PCNT: %,RP: Reported,F: Free,,,,,,Multiple Indicator Cluster Survey 2018,,,EOF: End of fieldwork,,2006-2020,Y15T49: 15 to 49 years old,GMB
UNICEF:GLOBAL_DATAFLOW(1.0): Cross-sector indicators,GEO: Georgia,MNCH_ANC4: Antenatal care 4+ visits - percentage of women (aged 15-49 years) attended at least four times during pregnancy by any provider,_T: Total,2018,81.1,0: Units,PCNT: %,RP: Reported,F: Free,,,,,,Health Care; Statistical Yearbook 2020 Georgia. Tbilisi: Ministry of Labour; Health and Social Affairs of Georgia; National Centre for Disease Control and Public Health; 2021.,,,EOF: End of fieldwork,,2005-2020,Y15T49: 15 to 49 years old,GEO
UNICEF:GLOBAL_DATAFLOW(1.0): Cross-sector indicators,DEU: Germany,MNCH_SAB: Skilled birth attendant - percentage of deliveries attended by skilled health personnel,_T: Total,2018,96.2,0: Units,PCNT: %,RP: Reported,F: Free,,,,Institutional Birth (IB): includes all deliveries that occurred at a health facility,,Indicator 3..2.1: proportion of births attended by skilled health personnel [online database]. Wiesbaden: Statistisches Bundesamt (DESTATIS); 2021 (https://sustainabledevelopment-germany.github.io/en/3-1-2/); accessed 28 September 2021).,Joint UNICEF-WHO Database on Skilled Birth Attendance 2024 (SDG inclusion=1),,EOF: End of fieldwork,,2000-2021,Y15T49: 15 to 49 years old,DEU
UNICEF:GLOBAL_DATAFLOW(1.0): Cross-sector indicators,GHA: Ghana,MNCH_ANC4: Antenatal care 4+ visits - percentage of women (aged 15-49 years) attended at least four times during pregnancy by any provider,_T: Total,2018,85.0,0: Units,PCNT: %,RP: Reported,F: Free,,,,,,Multiple Indicator Cluster Survey 2017-2018,,,EOF: End of fieldwork,,2003-2022,Y15T49: 15 to 49 years old,GHA
UNICEF:GLOBAL_DATAFLOW(1.0): Cross-sector indicators,GRC: Greece,MNCH_SAB: Skilled birth attendant - percentage of deliveries attended by skilled health personnel,_T: Total,2018,99.9,0: Units,PCNT: %,RP: Reported,F: Free,,,,Unclear definition of the cadres included (Skilled persons),,Hellenic Republic; Hellenic Statistical Authority; Directorate General of Statistics; Population and Migration Statistics Section. 2014-2018 Proportion of births attended by skilled health personnel. Provided during SDG Country Consultation december 2019; 2019.,Joint UNICEF-WHO Database on Skilled Birth Attendance 2024 (SDG inclusion=1),,EOF: End of fieldwork,,2000-2022,Y15T49: 15 to 49 years old,GRC
UNICEF:GLOBAL_DATAFLOW(1.0): Cross-sector indicators,GRD: Grenada,MNCH_SAB: Skilled birth attendant - percentage of deliveries attended by skilled health personnel,_T: Total,2018,100.0,0: Units,PCNT: %,RP: Reported,F: Free,,,,Unclear definition of the cadres included (Skilled health personnel),,PLISA Health Information Platform. Indicator profile: Deliveries attended by skilled birth attendants (%) [online database]. Washington; DC: Pan American Health Organization/World Health Organization (PAHO/WHO); 2023 (https://opendata.paho.org/es/indicadores-basicos/tablero-de-los-indicadores-basicos; accessed 21 September 2023).,Joint UNICEF-WHO Database on Skilled Birth Attendance 2024 (SDG inclusion=1),,EOF: End of fieldwork,,2000-2020,Y15T49: 15 to 49 years old,GRD
UNICEF:GLOBAL_DATAFLOW(1.0): Cross-sector indicators,GIN: Guinea,MNCH_ANC4: Antenatal care 4+ visits - percentage of women (aged 15-49 years) attended at least four times during pregnancy by any provider,_T: Total,2018,35.3,0: Units,PCNT: %,RP: Reported,F: Free,,,,,,Demographic and Health Survey 2018,,,EOF: End of fieldwork,,2005-2021,Y15T49: 15 to 49 years old,GIN
UNICEF:GLOBAL_DATAFLOW(1.0): Cross-sector indicators,GNB: Guinea-Bissau,MNCH_ANC4: Antenatal care 4+ visits - percentage of women (aged 15-49 years) attended at least four times during pregnancy by any provider,_T: Total,2019,80.7,0: Units,PCNT: %,RP: Reported,F: Free,,,,,,Multiple Indicator Cluster Survey 2018-2019,,,EOF: End of fieldwork,,2010-2019,Y15T49: 15 to 49 years old,GNB
UNICEF:GLOBAL_DATAFLOW(1.0): Cross-sector indicators,GUY: Guyana,MNCH_ANC4: Antenatal care 4+ visits - percentage of women (aged 15-49 years) attended at least four times during pregnancy by any provider,_T: Total,2020,84.7,0: Units,PCNT: %,RP: Reported,F: Free,,,,,,Multiple Indicator Cluster Survey 2019-2020,,,EOF: End of fieldwork,,2009-2020,Y15T49: 15 to 49 years old,GUY
UNICEF:GLOBAL_DATAFLOW(1.0): Cross-sector indicators,HND: Honduras,MNCH_ANC4: Antenatal care 4+ visits - percentage of women (aged 15-49 years) attended at least four times during pregnancy by any provider,_T: Total,2019,88.3,0: Units,PCNT: %,RP: Reported,F: Free,,,,,,Encuesta Nacional de Demografía y Salud/Encuesta de Indicadores Múltiples por Conglomerados 2019,,,EOF: End of fieldwork,,2001-2019,Y15T49: 15 to 49 years old,HND
UNICEF:GLOBAL_DATAFLOW(1.0): Cross-sector indicators,ISL: Iceland,MNCH_SAB: Skilled birth attendant - percentage of deliveries attended by skilled health personnel,_T: Total,2018,98.2,0: Units,PCNT: %,RP: Reported,F: Free,,,,Institutional Birth (IB): includes all deliveries that occurred at a health facility,,Births: Home deliveries as percentage of all deliveries in Iceland 1980-2018 [website]. Reykjavík: Directorate of Health [Iceland]; 2019 (https://www.landlaeknir.is/tolfraedi-og-rannsoknir/tolfraedi/allt-talnaefni/; accessed 10 February 2020).,Joint UNICEF-WHO Database on Skilled Birth Attendance 2024 (SDG inclusion=1),,EOF: End of fieldwork,,2000-2020,Y15T49: 15 to 49 years old,ISL
UNICEF:GLOBAL_DATAFLOW(1.0): Cross-sector indicators,IND: India,MNCH_ANC4: Antenatal care 4+ visits - percentage of women (aged 15-49 years) attended at least four times during pregnancy by any provider,_T: Total,2021,58.4,0: Units,PCNT: %,RP: Reported,F: Free,,,,,,NFHS 2019-2021,,,EOF: End of fieldwork,,2006-2021,Y15T49: 15 to 49 years old,IND
UNICEF:GLOBAL_DATAFLOW(1.0): Cross-sector indicators,IDN: Indonesia,MNCH_SAB: Skilled birth attendant - percentage of deliveries attended by skilled health personnel,_T: Total,2018,93.6,0: Units,PCNT: %,RP: Reported,F: Free,,,,"Cadres included align with the standard definition of: Doctor, nurse and/or midwife",,Statistik Kesejahteraan Rakyat. Welfare statistics 2018. Jakarta: Badan Pusat Statistik (BPS) [Statistics Indonesia]; 2018.,Joint UNICEF-WHO Database on Skilled Birth Attendance 2024 (SDG inclusion=1),,EOF: End of fieldwork,,2003-2023,Y15T49: 15 to 49 years old,IDN
UNICEF:GLOBAL_DATAFLOW(1.0): Cross-sector indicators,IRQ: Iraq,MNCH_ANC4: Antenatal care 4+ visits - percentage of women (aged 15-49 years) attended at least four times during pregnancy by any provider,_T: Total,2018,67.9,0: Units,PCNT: %,RP: Reported,F: Free,,,,,,Multiple Indicator Cluster Survey 2018,,,EOF: End of fieldwork,,2011-2018,Y15T49: 15 to 49 years old,IRQ
UNICEF:GLOBAL_DATAFLOW(1.0): Cross-sector indicators,IRL: Ireland,MNCH_SAB: Skilled birth attendant - percentage of deliveries attended by skilled health personnel,_T: Total,2018,99.7,0: Units,PCNT: %,RP: Reported,F: Free,,,,Institutional Birth (IB): includes all deliveries that occurred at a health facility,,Healthcare Pricing Office (HPO); Health Service Executive (HSE). Perinatal Statistics Report 2020. Version 1.0. Dublin: HSE; 2022.,Joint UNICEF-WHO Database on Skilled Birth Attendance 2024 (SDG inclusion=1),,EOF: End of fieldwork,,2000-2020,Y15T49: 15 to 49 years old,IRL
UNICEF:GLOBAL_DATAFLOW(1.0): Cross-sector indicators,ITA: Italy,MNCH_SAB: Skilled birth attendant - percentage of deliveries attended by skilled health personnel,_T: Total,2018,99.9,0: Units,PCNT: %,RP: Reported,F: Free,,,,Institutional Birth (IB): includes all deliveries that occurred at a health facility,,Certificato di assistenza al parto (CeDAP). Analisi dell'evento nascita - Anno 2018. Roma: Direzione Generale della Digitalizzazione; del Sistema Informativo Sanitario e della Statistica – Ufficio di Statistica; 2021 (in Italian).,Joint UNICEF-WHO Database on Skilled Birth Attendance 2024 (SDG inclusion=1),,EOF: End of fieldwork,,2000-2021,Y15T49: 15 to 49 years old,ITA
UNICEF:GLOBAL_DATAFLOW(1.0): Cross-sector indicators,JAM: Jamaica,MNCH_SAB: Skilled birth attendant - percentage of deliveries attended by skilled health personnel,_T: Total,2018,99.7,0: Units,PCNT: %,RP: Reported,F: Free,,,,"Cadres included align with the standard definition of: Doctor, nurse and/or midwife",,Registrar General Department [Jamaica]; 2019,Joint UNICEF-WHO Database on Skilled Birth Attendance 2024 (SDG inclusion=1),,EOF: End of fieldwork,,2000-2021,Y15T49: 15 to 49 years old,JAM
UNICEF:GLOBAL_DATAFLOW(1.0): Cross-sector indicators,JPN: Japan,MNCH_SAB: Skilled birth attendant - percentage of deliveries attended by skilled health personnel,_T: Total,2018,99.9,0: Units,PCNT: %,RP: Reported,F: Free,,,,Institutional Birth (IB): includes all deliveries that occurred at a health facility,,Trends in live births by place of delivery: Japan; each prefecture and 21 major cities. 2018 Vital Statistics of Japan [website]. Tokyo: e-stat (Portal Site of Official Statistics of Japan); National Statistics Center [Japan]; 2019 (https://www.e-stat.go.jp/en/stat-search?page=2&query=2018%20vital%20statistics&layout=dataset&metadata=1&data=1; accessed 29 January 2020).,Joint UNICEF-WHO Database on Skilled Birth Attendance 2024 (SDG inclusion=1),,EOF: End of fieldwork,,2000-2022,Y15T49: 15 to 49 years old,JPN
UNICEF:GLOBAL_DATAFLOW(1.0): Cross-sector indicators,JOR: Jordan,MNCH_ANC4: Antenatal care 4+ visits - percentage of women (aged 15-49 years) attended at least four times during pregnancy by any provider,_T: Total,2018,91.5,0: Units,PCNT: %,RP: Reported,F: Free,,,,,,Jordan Population and Family and Health Survey 2017-18. Amman; Jordan; and Rockville; Maryland; USA: DOS and ICF,,,EOF: End of fieldwork,,2002-2023,Y15T49: 15 to 49 years old,JOR
UNICEF:GLOBAL_DATAFLOW(1.0): Cross-sector indicators,KAZ: Kazakhstan,MNCH_SAB: Skilled birth attendant - percentage of deliveries attended by skilled health personnel,_T: Total,2018,99.9,0: Units,PCNT: %,RP: Reported,F: Free,,,,"Institutional Birth (IB): includes all deliveries that occurred at a health facility (Births that occur in medical institutions with the help of qualified medical staff (doctors, obstetricians, etc.))",,Ministry of Healthcare of the Republic of Kazakhstan. Country consultation Dec 2019; 2019.,Joint UNICEF-WHO Database on Skilled Birth Attendance 2024 (SDG inclusion=1),,EOF: End of fieldwork,,2000-2018,Y15T49: 15 to 49 years old,KAZ
UNICEF:GLOBAL_DATAFLOW(1.0): Cross-sector indicators,KEN: Kenya,MNCH_ANC4: Antenatal care 4+ visits - percentage of women (aged 15-49 years) attended at least four times during pregnancy by any provider,_T: Total,2020,58.5,0: Units,PCNT: %,RP: Reported,F: Free,,,,,,Malaria Indicator Survey 2020,,,EOF: End of fieldwork,,2003-2022,Y15T49: 15 to 49 years old,KEN
UNICEF:GLOBAL_DATAFLOW(1.0): Cross-sector indicators,KIR: Kiribati,MNCH_ANC4: Antenatal care 4+ visits - percentage of women (aged 15-49 years) attended at least four times during pregnancy by any provider,_T: Total,2019,67.0,0: Units,PCNT: %,RP: Reported,F: Free,,,,,,Kiribati 2018-2019 Social Development Indicator Survey,,,EOF: End of fieldwork,,2009-2019,Y15T49: 15 to 49 years old,KIR
UNICEF:GLOBAL_DATAFLOW(1.0): Cross-sector indicators,KWT: Kuwait,MNCH_SAB: Skilled birth attendant - percentage of deliveries attended by skilled health personnel,_T: Total,2018,99.9,0: Units,PCNT: %,RP: Reported,F: Free,,,,Institutional Birth (IB): includes all deliveries that occurred at a health facility,,Annual Bulletin for Vital Statistics - Births and Deaths 2018. Kuwait City: Central Statistical Bureau (Office) [Kuwait]; 2019.,Joint UNICEF-WHO Database on Skilled Birth Attendance 2024 (SDG inclusion=1),,EOF: End of fieldwork,,2004-2022,Y15T49: 15 to 49 years old,KWT
UNICEF:GLOBAL_DATAFLOW(1.0): Cross-sector indicators,KGZ: Kyrgyzstan,MNCH_ANC4: Antenatal care 4+ visits - percentage of women (aged 15-49 years) attended at least four times during pregnancy by any provider,_T: Total,2018,94.3,0: Units,PCNT: %,RP: Reported,F: Free,,,,,,Multiple Indicator Cluster Survey 2018,,,EOF: End of fieldwork,,2012-2021,Y15T49: 15 to 49 years old,KGZ
UNICEF:GLOBAL_DATAFLOW(1.0): Cross-sector indicators,LVA: Latvia,MNCH_SAB: Skilled birth attendant - percentage of deliveries attended by skilled health personnel,_T: Total,2018,97.9,0: Units,PCNT: %,RP: Reported,F: Free,,,,Institutional Birth (IB): includes all deliveries that occurred at a health facility,,Health Statistics Database - Maternal and child health care (Veselības statistikas datubāze). Latvia; 2023 (https://statistika.spkc.gov.lv/pxweb/en/Health/Health__Mates_berna_veseliba/MCH010_dzemdibu_raditaji_regioni.px/ accessed 21 September 2023),Joint UNICEF-WHO Database on Skilled Birth Attendance 2024 (SDG inclusion=1),,EOF: End of fieldwork,,2007-2022,Y15T49: 15 to 49 years old,LVA
UNICEF:GLOBAL_DATAFLOW(1.0): Cross-sector indicators,LSO: Lesotho,MNCH_ANC4: Antenatal care 4+ visits - percentage of women (aged 15-49 years) attended at least four times during pregnancy by any provider,_T: Total,2018,76.6,0: Units,PCNT: %,RP: Reported,F: Free,,,,,,Multiple Indicator Cluster Survey 2018,,,EOF: End of fieldwork,,2005-2018,Y15T49: 15 to 49 years old,LSO
UNICEF:GLOBAL_DATAFLOW(1.0): Cross-sector indicators,LBR: Liberia,MNCH_ANC4: Antenatal care 4+ visits - percentage of women (aged 15-49 years) attended at least four times during pregnancy by any provider,_T: Total,2020,87.3,0: Units,PCNT: %,RP: Reported,F: Free,,,,,,Demographic and Health Survey 2019-2020,Statcompiler,,EOF: End of fieldwork,,2007-2020,Y15T49: 15 to 49 years old,LBR
UNICEF:GLOBAL_DATAFLOW(1.0): Cross-sector indicators,LTU: Lithuania,MNCH_SAB: Skilled birth attendant - percentage of deliveries attended by skilled health personnel,_T: Total,2018,100.0,0: Units,PCNT: %,RP: Reported,F: Free,,,,Unclear definition of the cadres included (Skilled health personnel),,Official Statistics Portal; 2021 (https://osp.stat.gov.lt/nacionaliniai-darnaus-vystymosi-rodikliai; accessed 30/12/2021),Joint UNICEF-WHO Database on Skilled Birth Attendance 2024 (SDG inclusion=1),,EOF: End of fieldwork,,2000-2022,Y15T49: 15 to 49 years old,LTU
UNICEF:GLOBAL_DATAFLOW(1.0): Cross-sector indicators,MDG: Madagascar,MNCH_ANC4: Antenatal care 4+ visits - percentage of women (aged 15-49 years) attended at least four times during pregnancy by any provider,_T: Total,2018,50.6,0: Units,PCNT: %,RP: Reported,F: Free,,,,,,Multiple Indicator Cluster Survey 2018,,,EOF: End of fieldwork,,2004-2021,Y15T49: 15 to 49 years old,MDG
UNICEF:GLOBAL_DATAFLOW(1.0): Cross-sector indicators,MWI: Malawi,MNCH_ANC4: Antenatal care 4+ visits - percentage of women (aged 15-49 years) attended at least four times during pregnancy by any provider,_T: Total,2020,50.5,0: Units,PCNT: %,RP: Reported,F: Free,,,,,,Multiple Indicator Cluster Survey 2019-2020,,,EOF: End of fieldwork,,2000-2020,Y15T49: 15 to 49 years old,MWI
UNICEF:GLOBAL_DATAFLOW(1.0): Cross-sector indicators,MYS: Malaysia,MNCH_ANC4: Antenatal care 4+ visits - percentage of women (aged 15-49 years) attended at least four times during pregnancy by any provider,_T: Total,2022,98.1,0: Units,PCNT: %,RP: Reported,F: Free,,,,,,National Health and Morbidity Survey: Maternal and Child 2022,,,EOF: End of fieldwork,,2016-2022,Y15T49: 15 to 49 years old,MYS
UNICEF:GLOBAL_DATAFLOW(1.0): Cross-sector indicators,MLI: Mali,MNCH_ANC4: Antenatal care 4+ visits - percentage of women (aged 15-49 years) attended at least four times during pregnancy by any provider,_T: Total,2018,43.3,0: Units,PCNT: %,RP: Reported,F: Free,,,,,,Demographic and Health Survey 2018,,,EOF: End of fieldwork,,2001-2018,Y15T49: 15 to 49 years old,MLI
UNICEF:GLOBAL_DATAFLOW(1.0): Cross-sector indicators,MLT: Malta,MNCH_SAB: Skilled birth attendant - percentage of deliveries attended by skilled health personnel,_T: Total,2018,99.7,0: Units,PCNT: %,RP: Reported,F: Free,,,,Institutional Birth (IB): includes all deliveries that occurred at a health facility,,National Obstetric Information System (NOIS). Annual Report – 2018. Malta: Directorate for Health Information and Research (DHIR); 2019. https://deputyprimeminister.gov.mt/en/dhir/Pages/Registries/births.aspx,Joint UNICEF-WHO Database on Skilled Birth Attendance 2024 (SDG inclusion=1),,EOF: End of fieldwork,,2001-2022,Y15T49: 15 to 49 years old,MLT
UNICEF:GLOBAL_DATAFLOW(1.0): Cross-sector indicators,MRT: Mauritania,MNCH_ANC4: Antenatal care 4+ visits - percentage of women (aged 15-49 years) attended at least four times during pregnancy by any provider,_T: Total,2021,38.5,0: Units,PCNT: %,RP: Reported,F: Free,,,,,,Demographic and Health Survey 2021,,,EOF: End of fieldwork,,2001-2021,Y15T49: 15 to 49 years old,MRT
UNICEF:GLOBAL_DATAFLOW(1.0): Cross-sector indicators,MUS: Mauritius,MNCH_SAB: Skilled birth attendant - percentage of deliveries attended by skilled health personnel,_T: Total,2018,99.8,0: Units,PCNT: %,RP: Reported,F: Free,,,,"Cadres included align with the standard definition of: Doctor, nurse and/or midwife",,Sustainable Development Goals [online database]. Port Louis: Statistics Mauritius; 2020 (https://statsmauritius.govmu.org/Pages/Statistics/By_Subject/SDGs/SB_SDG.aspx; accessed 8 January 2021).,Joint UNICEF-WHO Database on Skilled Birth Attendance 2024 (SDG inclusion=1),,EOF: End of fieldwork,,2000-2021,Y15T49: 15 to 49 years old,MUS
UNICEF:GLOBAL_DATAFLOW(1.0): Cross-sector indicators,MEX: Mexico,MNCH_SAB: Skilled birth attendant - percentage of deliveries attended by skilled health personnel,_T: Total,2018,92.1,0: Units,PCNT: %,RP: Reported,F: Free,,,,Unclear definition of the cadres included (Trained personnel),,PLISA Health Information Platform. Indicator profile: Deliveries attended by skilled birth attendants (%) [online database]. Washington; DC: Pan American Health Organization/World Health Organization (PAHO/WHO); 2023 (https://opendata.paho.org/es/indicadores-basicos/tablero-de-los-indicadores-basicos; accessed 1 February 2024).,Joint UNICEF-WHO Database on Skilled Birth Attendance 2024 (SDG inclusion=1),,EOF: End of fieldwork,,2000-2022,Y15T49: 15 to 49 years old,MEX
UNICEF:GLOBAL_DATAFLOW(1.0): Cross-sector indicators,MNG: Mongolia,MNCH_ANC4: Antenatal care 4+ visits - percentage of women (aged 15-49 years) attended at least four times during pregnancy by any provider,_T: Total,2018,88.5,0: Units,PCNT: %,RP: Reported,F: Free,,,,,,Social Indicator Sample Survey-2018; Survey Findings Report. Ulaanbaatar; Mongolia: National Statistical Office of Mongolia,,,EOF: End of fieldwork,,2010-2018,Y15T49: 15 to 49 years old,MNG
UNICEF:GLOBAL_DATAFLOW(1.0): Cross-sector indicators,MNE: Montenegro,MNCH_ANC4: Antenatal care 4+ visits - percentage of women (aged 15-49 years) attended at least four times during pregnancy by any provider,_T: Total,2018,94.2,0: Units,PCNT: %,RP: Reported,F: Free,,,,,,Multiple Indicator Cluster Survey 2018,,,EOF: End of fieldwork,,2013-2018,Y15T49: 15 to 49 years old,MNE
UNICEF:GLOBAL_DATAFLOW(1.0): Cross-sector indicators,MSR: Montserrat,MNCH_SAB: Skilled birth attendant - percentage of deliveries attended by skilled health personnel,_T: Total,2018,100.0,0: Units,PCNT: %,RP: Reported,F: Free,,,,Unclear definition of the cadres included (Trained personnel),,PLISA Health Information Platform. Indicator profile: Deliveries attended by skilled birth attendants (%) [online database]. Washington; DC: Pan American Health Organization/World Health Organization (PAHO/WHO); 2021 (https://opendata.paho.org/es/indicadores-basicos/tablero-de-los-indicadores-basicos; accessed 30 December 2021).,Joint UNICEF-WHO Database on Skilled Birth Attendance 2024 (SDG inclusion=1),,EOF: End of fieldwork,,2001-2020,Y15T49: 15 to 49 years old,MSR
UNICEF:GLOBAL_DATAFLOW(1.0): Cross-sector indicators,MAR: Morocco,MNCH_ANC4: Antenatal care 4+ visits - percentage of women (aged 15-49 years) attended at least four times during pregnancy by any provider,_T: Total,2018,53.5,0: Units,PCNT: %,RP: Reported,F: Free,,,,,,Enquête Nationale sur la Population et la Santé Familiale 2018,,,EOF: End of fieldwork,,2004-2018,Y15T49: 15 to 49 years old,MAR
UNICEF:GLOBAL_DATAFLOW(1.0): Cross-sector indicators,MOZ: Mozambique,MNCH_ANC4: Antenatal care 4+ visits - percentage of women (aged 15-49 years) attended at least four times during pregnancy by any provider,_T: Total,2018,51.0,0: Units,PCNT: %,RP: Reported,F: Free,,,,,,Malaria Indicator Survey 2018,Statcompiler,,EOF: End of fieldwork,,2003-2023,Y15T49: 15 to 49 years old,MOZ
UNICEF:GLOBAL_DATAFLOW(1.0): Cross-sector indicators,NPL: Nepal,MNCH_ANC4: Antenatal care 4+ visits - percentage of women (aged 15-49 years) attended at least four times during pregnancy by any provider,_T: Total,2019,77.8,0: Units,PCNT: %,RP: Reported,F: Free,,,,,,Multiple Indicator Cluster Survey 2019,,,EOF: End of fieldwork,,2001-2022,Y15T49: 15 to 49 years old,NPL
UNICEF:GLOBAL_DATAFLOW(1.0): Cross-sector indicators,NZL: New Zealand,MNCH_SAB: Skilled birth attendant - percentage of deliveries attended by skilled health personnel,_T: Total,2018,96.4,0: Units,PCNT: %,RP: Reported,F: Free,,,,Institutional Birth (IB): includes all deliveries that occurred at a health facility,,Report on Maternity web tool [online database]. Birth place and year and DHB. Wellington: Ministry of Health [New Zealand]; 2020 (https://minhealthnz.shinyapps.io/Maternity_report_webtool/; accessed 8 January 2021).,Joint UNICEF-WHO Database on Skilled Birth Attendance 2024 (SDG inclusion=1),,EOF: End of fieldwork,,2000-2021,Y15T49: 15 to 49 years old,NZL
UNICEF:GLOBAL_DATAFLOW(1.0): Cross-sector indicators,NER: Niger,MNCH_ANC4: Antenatal care 4+ visits - percentage of women (aged 15-49 years) attended at least four times during pregnancy by any provider,_T: Total,2021,37.3,0: Units,PCNT: %,RP: Reported,F: Free,,,,,,L'Enquête Nationale sur la Fécondité et la Mortalité des Enfants (Résultats préliminaires); ENAFEME Niger 2021,,,EOF: End of fieldwork,,2006-2021,Y15T49: 15 to 49 years old,NER
UNICEF:GLOBAL_DATAFLOW(1.0): Cross-sector indicators,NGA: Nigeria,MNCH_ANC4: Antenatal care 4+ visits - percentage of women (aged 15-49 years) attended at least four times during pregnancy by any provider,_T: Total,2018,56.8,0: Units,PCNT: %,RP: Reported,F: Free,,,,,,Demographic and Health Survey 2018,,,EOF: End of fieldwork,,2003-2021,Y15T49: 15 to 49 years old,NGA
UNICEF:GLOBAL_DATAFLOW(1.0): Cross-sector indicators,MKD: North Macedonia,MNCH_ANC4: Antenatal care 4+ visits - percentage of women (aged 15-49 years) attended at least four times during pregnancy by any provider,_T: Total,2019,95.7,0: Units,PCNT: %,RP: Reported,F: Free,,,,,,Multiple indicator cluster survey 2018 (MICS). Skopje; the former Yugoslav Republic of Macedonia: Ministry of Health; Ministry of Education and Science; Ministry of Labour and Social Policy,,,EOF: End of fieldwork,,2011-2019,Y15T49: 15 to 49 years old,MKD
UNICEF:GLOBAL_DATAFLOW(1.0): Cross-sector indicators,NOR: Norway,MNCH_SAB: Skilled birth attendant - percentage of deliveries attended by skilled health personnel,_T: Total,2018,99.2,0: Units,PCNT: %,RP: Reported,F: Free,,,,Institutional Birth (IB): includes all deliveries that occurred at a health facility,,Dataset: F11: Fødested. 2018. [online database]. Oslo: Folkehelseinstituttet; Medisinsk fødselsregister [Norwegian Institute of Public Health (NIPH); Medical Birth Registry]; 2020 (http://statistikkbank.fhi.no/mfr/; accessed 10 February 2020; in Norwegian).,Joint UNICEF-WHO Database on Skilled Birth Attendance 2024 (SDG inclusion=1),,EOF: End of fieldwork,,2000-2022,Y15T49: 15 to 49 years old,NOR
UNICEF:GLOBAL_DATAFLOW(1.0): Cross-sector indicators,OMN: Oman,MNCH_ANC4: Antenatal care 4+ visits - percentage of women (aged 15-49 years) attended at least four times during pregnancy by any provider,_T: Total,2018,76.4,0: Units,PCNT: %,RP: Reported,F: Free,,,,,,Oman Ministry of Health Annual Report 2019; Chapter Eight Health Domains,,,EOF: End of fieldwork,,2000-2019,Y15T49: 15 to 49 years old,OMN
UNICEF:GLOBAL_DATAFLOW(1.0): Cross-sector indicators,PAK: Pakistan,MNCH_ANC4: Antenatal care 4+ visits - percentage of women (aged 15-49 years) attended at least four times during pregnancy by any provider,_T: Total,2018,51.4,0: Units,PCNT: %,RP: Reported,F: Free,,,,,,Demographic and Health Survey 2017-2018,,,EOF: End of fieldwork,,2007-2019,Y15T49: 15 to 49 years old,PAK
UNICEF:GLOBAL_DATAFLOW(1.0): Cross-sector indicators,PLW: Palau,MNCH_SAB: Skilled birth attendant - percentage of deliveries attended by skilled health personnel,_T: Total,2018,100.0,0: Units,PCNT: %,RP: Reported,F: Free,,,,"Cadres included align with the standard definition of: Doctor, nurse and/or midwife",,2018 Statistical Yearbook. Koror: Ministry of Finance [Palau]; 2019.,Joint UNICEF-WHO Database on Skilled Birth Attendance 2024 (SDG inclusion=1),,EOF: End of fieldwork,,2000-2022,Y15T49: 15 to 49 years old,PLW
UNICEF:GLOBAL_DATAFLOW(1.0): Cross-sector indicators,PAN: Panama,MNCH_SAB: Skilled birth attendant - percentage of deliveries attended by skilled health personnel,_T: Total,2018,92.9,0: Units,PCNT: %,RP: Reported,F: Free,,,,"Cadres included align with the standard definition of: Doctor, nurse and/or midwife",,Estadísticas Vitales - Volumen II - Nacimientos Vivos y Defunciones Fetales: Año 2018 [electronic publication]. Panamá: Instituto Nacional de Estadística y Censo (INEC) [Panama]; 2019 (http://www.contraloria.gob.pa/inec/Publicaciones/subcategoria.aspx?ID_CATEGORIA=3&ID_SUBCATEGORIA=6&ID_IDIOMA=1; accessed 24 January 2019; in Spanish).,Joint UNICEF-WHO Database on Skilled Birth Attendance 2024 (SDG inclusion=1),,EOF: End of fieldwork,,2000-2021,Y15T49: 15 to 49 years old,PAN
UNICEF:GLOBAL_DATAFLOW(1.0): Cross-sector indicators,PNG: Papua New Guinea,MNCH_ANC4: Antenatal care 4+ visits - percentage of women (aged 15-49 years) attended at least four times during pregnancy by any provider,_T: Total,2018,49.0,0: Units,PCNT: %,RP: Reported,F: Free,,,,,,Demographic and Health Survey 2016-2018,,,EOF: End of fieldwork,,2006-2018,Y15T49: 15 to 49 years old,PNG
UNICEF:GLOBAL_DATAFLOW(1.0): Cross-sector indicators,PRY: Paraguay,MNCH_ANC4: Antenatal care 4+ visits - percentage of women (aged 15-49 years) attended at least four times during pregnancy by any provider,_T: Total,2018,85.9,0: Units,PCNT: %,RP: Reported,F: Free,,,,,,Indicadores Basicos de Salud 2019,,,EOF: End of fieldwork,,2004-2021,Y15T49: 15 to 49 years old,PRY
UNICEF:GLOBAL_DATAFLOW(1.0): Cross-sector indicators,PER: Peru,MNCH_ANC4: Antenatal care 4+ visits - percentage of women (aged 15-49 years) attended at least four times during pregnancy by any provider,_T: Total,2019,96.3,0: Units,PCNT: %,RP: Reported,F: Free,,,,,,Encuesta Demografica y de Salud Familiar 2019,,,EOF: End of fieldwork,,2000-2020,Y15T49: 15 to 49 years old,PER
UNICEF:GLOBAL_DATAFLOW(1.0): Cross-sector indicators,PHL: Philippines,MNCH_ANC4: Antenatal care 4+ visits - percentage of women (aged 15-49 years) attended at least four times during pregnancy by any provider,_T: Total,2022,83.0,0: Units,PCNT: %,RP: Reported,F: Free,,,,,,Demographic and Health Survey 2022,Statcompiler,,EOF: End of fieldwork,,2003-2022,Y15T49: 15 to 49 years old,PHL
UNICEF:GLOBAL_DATAFLOW(1.0): Cross-sector indicators,POL: Poland,MNCH_SAB: Skilled birth attendant - percentage of deliveries attended by skilled health personnel,_T: Total,2018,99.8,0: Units,PCNT: %,RP: Reported,F: Free,,,,"Cadres included align with the standard definition of: Doctor, nurse and/or midwife",,Statistics Poland (GUS) [Website]. Warsaw: Statistics Poland (GUS); 2020 (https://sdg.gov.pl/en/statistics_glob/3-1-2/; accessed 28 February 2021).,Joint UNICEF-WHO Database on Skilled Birth Attendance 2024 (SDG inclusion=1),,EOF: End of fieldwork,,2000-2022,Y15T49: 15 to 49 years old,POL
UNICEF:GLOBAL_DATAFLOW(1.0): Cross-sector indicators,PRT: Portugal,MNCH_SAB: Skilled birth attendant - percentage of deliveries attended by skilled health personnel,_T: Total,2018,99.9,0: Units,PCNT: %,RP: Reported,F: Free,,,,"Cadres included align with the standard definition of: Doctor, nurse and/or midwife",,Annual Statistics Portugal – Live births (No.) by Place of residence of mother (NUTS - 2013); Sex; Place of delivery of the mother; Medical assistance and Size class of weight at birth; Annual. 2018 [online database]. Lisbon: Instituto Nacional de Estadística (INE) [Portugal]; 2020,Joint UNICEF-WHO Database on Skilled Birth Attendance 2024 (SDG inclusion=1),,EOF: End of fieldwork,,2011-2022,Y15T49: 15 to 49 years old,PRT
UNICEF:GLOBAL_DATAFLOW(1.0): Cross-sector indicators,QAT: Qatar,MNCH_SAB: Skilled birth attendant - percentage of deliveries attended by skilled health personnel,_T: Total,2018,100.0,0: Units,PCNT: %,RP: Reported,F: Free,,,,"Cadres included align with the standard definition of: Doctor, nurse and/or midwife",,Vital Statistics; Annual Bulletin. Births and Deaths 2019. Doha: Ministry of Development Planning and Statistics [Qatar]; 2021.,Joint UNICEF-WHO Database on Skilled Birth Attendance 2024 (SDG inclusion=1),,EOF: End of fieldwork,,2000-2021,Y15T49: 15 to 49 years old,QAT
UNICEF:GLOBAL_DATAFLOW(1.0): Cross-sector indicators,KOR: Republic of Korea,MNCH_SAB: Skilled birth attendant - percentage of deliveries attended by skilled health personnel,_T: Total,2021,100.0,0: Units,PCNT: %,RP: Reported,F: Free,,,,Institutional Birth (IB): includes all deliveries that occurred at a health facility; Women age 19-49,,The 2021 National Survey on Fertility; Family Health & Welfare in Korea; Korea Institue for Health and Social Affairs; 2022,Joint UNICEF-WHO Database on Skilled Birth Attendance 2024 (SDG inclusion=1),,EOF: End of fieldwork,,2000-2021,Y15T49: 15 to 49 years old,KOR
UNICEF:GLOBAL_DATAFLOW(1.0): Cross-sector indicators,MDA: Republic of Moldova,MNCH_SAB: Skilled birth attendant - percentage of deliveries attended by skilled health personnel,_T: Total,2018,99.7,0: Units,PCNT: %,RP: Reported,F: Free,,,,"Cadres included align with the standard definition of: Doctor, nurse and/or midwife; Women age All ages",,Statistical databank. Share of births attended by skilled health personnel by Indicators and Years [online database]. Chisinau: National Bureau of Statistics [Republic of Moldova]; 2019 (https://statbank.statistica.md/pxweb/pxweb/en/50%20Statistica%20gender/50%20Statistica%20gender__GEN04/GEN040600soc.px/table/tableViewLayout1/?rxid=b2ff27d7-0b96-43c9-934b-42e1a2a9a774; accessed 5 February 2020).,Joint UNICEF-WHO Database on Skilled Birth Attendance 2024 (SDG inclusion=1),,EOF: End of fieldwork,,2000-2022,Y15T49: 15 to 49 years old,MDA
UNICEF:GLOBAL_DATAFLOW(1.0): Cross-sector indicators,ROU: Romania,MNCH_ANC4: Antenatal care 4+ visits - percentage of women (aged 15-49 years) attended at least four times during pregnancy by any provider,_T: Total,2021,70.1,0: Units,PCNT: %,RP: Reported,F: Free,,,,,,National Institute for Statistics of Romania 2023,,,EOF: End of fieldwork,,2004-2021,Y15T49: 15 to 49 years old,ROU
UNICEF:GLOBAL_DATAFLOW(1.0): Cross-sector indicators,RUS: Russian Federation,MNCH_SAB: Skilled birth attendant - percentage of deliveries attended by skilled health personnel,_T: Total,2018,99.7,0: Units,PCNT: %,RP: Reported,F: Free,,,,Unclear definition of the cadres included (Skilled health personnel),,Federal State Statistics Service. Data on SDG Indicators. Russia; 2021. (https://eng.rosstat.gov.ru/3.1.2) accessed September 29; 2021.,Joint UNICEF-WHO Database on Skilled Birth Attendance 2024 (SDG inclusion=1),,EOF: End of fieldwork,,2000-2022,Y15T49: 15 to 49 years old,RUS
UNICEF:GLOBAL_DATAFLOW(1.0): Cross-sector indicators,RWA: Rwanda,MNCH_ANC4: Antenatal care 4+ visits - percentage of women (aged 15-49 years) attended at least four times during pregnancy by any provider,_T: Total,2020,47.2,0: Units,PCNT: %,RP: Reported,F: Free,,,,,,Demographic and Health Survey 2020,,,EOF: End of fieldwork,,2000-2020,Y15T49: 15 to 49 years old,RWA
UNICEF:GLOBAL_DATAFLOW(1.0): Cross-sector indicators,KNA: Saint Kitts and Nevis,MNCH_SAB: Skilled birth attendant - percentage of deliveries attended by skilled health personnel,_T: Total,2018,100.0,0: Units,PCNT: %,RP: Reported,F: Free,,,,Unclear definition of the cadres included (Trained personnel),,PLISA Health Information Platform. Indicator profile: Deliveries attended by skilled birth attendants (%) [online database]. Washington; DC: Pan American Health Organization/World Health Organization (PAHO/WHO); 2021 (https://opendata.paho.org/es/indicadores-basicos/tablero-de-los-indicadores-basicos; accessed 30 December 2021).,Joint UNICEF-WHO Database on Skilled Birth Attendance 2024 (SDG inclusion=1),,EOF: End of fieldwork,,2000-2021,Y15T49: 15 to 49 years old,KNA
UNICEF:GLOBAL_DATAFLOW(1.0): Cross-sector indicators,LCA: Saint Lucia,MNCH_SAB: Skilled birth attendant - percentage of deliveries attended by skilled health personnel,_T: Total,2018,100.0,0: Units,PCNT: %,RP: Reported,F: Free,,,,Unclear definition of the cadres included (Trained personnel),,PLISA Health Information Platform. Indicator profile: Deliveries attended by skilled birth attendants (%) [online database]. Washington; DC: Pan American Health Organization/World Health Organization (PAHO/WHO); 2021 (https://opendata.paho.org/es/indicadores-basicos/tablero-de-los-indicadores-basicos; accessed 30 December 2021).,Joint UNICEF-WHO Database on Skilled Birth Attendance 2024 (SDG inclusion=1),,EOF: End of fieldwork,,2000-2021,Y15T49: 15 to 49 years old,LCA
UNICEF:GLOBAL_DATAFLOW(1.0): Cross-sector indicators,VCT: Saint Vincent and the Grenadines,MNCH_SAB: Skilled birth attendant - percentage of deliveries attended by skilled health personnel,_T: Total,2018,99.5,0: Units,PCNT: %,RP: Reported,F: Free,,,,Unclear definition of the cadres included (Skilled health personnel),,PLISA Health Information Platform. Indicator profile: Deliveries attended by skilled birth attendants (%) [online database]. Washington; DC: Pan American Health Organization/World Health Organization (PAHO/WHO); 2023 (https://opendata.paho.org/es/indicadores-basicos/tablero-de-los-indicadores-basicos; accessed 21 September 2023).,Joint UNICEF-WHO Database on Skilled Birth Attendance 2024 (SDG inclusion=1),,EOF: End of fieldwork,,2000-2021,Y15T49: 15 to 49 years old,VCT
UNICEF:GLOBAL_DATAFLOW(1.0): Cross-sector indicators,WSM: Samoa,MNCH_ANC4: Antenatal care 4+ visits - percentage of women (aged 15-49 years) attended at least four times during pregnancy by any provider,_T: Total,2020,69.8,0: Units,PCNT: %,RP: Reported,F: Free,,,,,,Demographic and Health Survey-Multiple Indicator Cluster 2019-2020 Survey,,,EOF: End of fieldwork,,2009-2021,Y15T49: 15 to 49 years old,WSM
UNICEF:GLOBAL_DATAFLOW(1.0): Cross-sector indicators,STP: Sao Tome and Principe,MNCH_SAB: Skilled birth attendant - percentage of deliveries attended by skilled health personnel,_T: Total,2019,96.8,0: Units,PCNT: %,RP: Reported,F: Free,,,,"Cadres included align with the standard definition of: Doctor, nurse and/or midwife",,Inquérito de Indicadores Múltiplos (MICS) 2019; Relatório final. São Tomé: Instituto Nacional de Estatística (INE); UNICEF; 2020 (in Portuguese).,Joint UNICEF-WHO Database on Skilled Birth Attendance 2024 (SDG inclusion=1),,EOF: End of fieldwork,,2000-2019,Y15T49: 15 to 49 years old,STP
UNICEF:GLOBAL_DATAFLOW(1.0): Cross-sector indicators,SAU: Saudi Arabia,MNCH_ANC4: Antenatal care 4+ visits - percentage of women (aged 15-49 years) attended at least four times during pregnancy by any provider,_T: Total,2019,79.7,0: Units,PCNT: %,RP: Reported,F: Free,,,,,,World Health Survey Saudi Arabia 2019,,,EOF: End of fieldwork,,2019,Y15T49: 15 to 49 years old,SAU
UNICEF:GLOBAL_DATAFLOW(1.0): Cross-sector indicators,SEN: Senegal,MNCH_ANC4: Antenatal care 4+ visits - percentage of women (aged 15-49 years) attended at least four times during pregnancy by any provider,_T: Total,2018,58.5,0: Units,PCNT: %,RP: Reported,F: Free,,,,,,Demographic and Health Survey 2018,,,EOF: End of fieldwork,,2005-2021,Y15T49: 15 to 49 years old,SEN
UNICEF:GLOBAL_DATAFLOW(1.0): Cross-sector indicators,SRB: Serbia,MNCH_ANC4: Antenatal care 4+ visits - percentage of women (aged 15-49 years) attended at least four times during pregnancy by any provider,_T: Total,2019,96.6,0: Units,PCNT: %,RP: Reported,F: Free,,,,,,Multiple Indicator Cluster Survey 2019,,,EOF: End of fieldwork,,2010-2019,Y15T49: 15 to 49 years old,SRB
UNICEF:GLOBAL_DATAFLOW(1.0): Cross-sector indicators,SYC: Seychelles,MNCH_SAB: Skilled birth attendant - percentage of deliveries attended by skilled health personnel,_T: Total,2019,98.8,0: Units,PCNT: %,RP: Reported,F: Free,,,,Unclear definition of the cadres included (Skilled health staff),,Seychelles Annual Health Sector Performance Report 2019. Ministry of Health; Seychelles; 2020.,Joint UNICEF-WHO Database on Skilled Birth Attendance 2024 (SDG inclusion=1),,EOF: End of fieldwork,,2000-2022,Y15T49: 15 to 49 years old,SYC
UNICEF:GLOBAL_DATAFLOW(1.0): Cross-sector indicators,SLE: Sierra Leone,MNCH_ANC4: Antenatal care 4+ visits - percentage of women (aged 15-49 years) attended at least four times during pregnancy by any provider,_T: Total,2019,78.8,0: Units,PCNT: %,RP: Reported,F: Free,,,,,,Demographic and Health Survey 2019,Statcompiler,,EOF: End of fieldwork,,2008-2019,Y15T49: 15 to 49 years old,SLE
UNICEF:GLOBAL_DATAFLOW(1.0): Cross-sector indicators,SGP: Singapore,MNCH_SAB: Skilled birth attendant - percentage of deliveries attended by skilled health personnel,_T: Total,2018,99.6,0: Units,PCNT: %,RP: Reported,F: Free,,,,"Definition includes other cadres that is not in alignment with the standard definition (Doctor, ambulance officer, paramedic, midwife, nurse)",,Registry of Births and Deaths. Singapore: Department of Statistics Singapore; 2021 (Sustainable Development Goals: Indicator 3.2.1 [online database] https://www.singstat.gov.sg/find-data/sdg/goal-3#t1; accessed 30 December 2021).,Joint UNICEF-WHO Database on Skilled Birth Attendance 2024 (SDG inclusion=1),,EOF: End of fieldwork,,2000-2022,Y15T49: 15 to 49 years old,SGP
UNICEF:GLOBAL_DATAFLOW(1.0): Cross-sector indicators,SVK: Slovakia,MNCH_SAB: Skilled birth attendant - percentage of deliveries attended by skilled health personnel,_T: Total,2018,98.0,0: Units,PCNT: %,RP: Reported,F: Free,,,,"Cadres included align with the standard definition of: Doctor, nurse and/or midwife",,National Health Information Centre of the Slovak Republic [Slovakia]; Provided during SDG country consultation 2021.,Joint UNICEF-WHO Database on Skilled Birth Attendance 2024 (SDG inclusion=1),,EOF: End of fieldwork,,2000-2022,Y15T49: 15 to 49 years old,SVK
UNICEF:GLOBAL_DATAFLOW(1.0): Cross-sector indicators,SOM: Somalia,MNCH_ANC4: Antenatal care 4+ visits - percentage of women (aged 15-49 years) attended at least four times during pregnancy by any provider,_T: Total,2019,24.4,0: Units,PCNT: %,RP: Reported,F: Free,,,,,,Directorate of National Statistics; Federal Government of Somalia. The Somali Health and Demographic Survey 2020.,,,EOF: End of fieldwork,,2006-2019,Y15T49: 15 to 49 years old,SOM
UNICEF:GLOBAL_DATAFLOW(1.0): Cross-sector indicators,SSD: South Sudan,MNCH_ANC4: Antenatal care 4+ visits - percentage of women (aged 15-49 years) attended at least four times during pregnancy by any provider,_T: Total,2020,31.1,0: Units,PCNT: %,RP: Reported,F: Free,,,,,,The South Sudan LQAS 2020 Household Survey,,,EOF: End of fieldwork,,2010-2023,Y15T49: 15 to 49 years old,SSD
UNICEF:GLOBAL_DATAFLOW(1.0): Cross-sector indicators,ESP: Spain,MNCH_SAB: Skilled birth attendant - percentage of deliveries attended by skilled health personnel,_T: Total,2018,99.9,0: Units,PCNT: %,RP: Reported,F: Free,,,,"Cadres included align with the standard definition of: Doctor, nurse and/or midwife",,INEbase. Goals and targets from the 2030 Agenda for Sustainabale Development. Indicator 3.1.2 [online database]. Madrid: Insittuto Nacional de Estadística (INE) [Spain]; 2019 (https://www.ine.es/dynt3/ODS/en/objetivo.htm?id=4846; accessed 8 January 2021).,Joint UNICEF-WHO Database on Skilled Birth Attendance 2024 (SDG inclusion=1),,EOF: End of fieldwork,,2015-2022,Y15T49: 15 to 49 years old,ESP
UNICEF:GLOBAL_DATAFLOW(1.0): Cross-sector indicators,PSE: State of Palestine,MNCH_ANC4: Antenatal care 4+ visits - percentage of women (aged 15-49 years) attended at least four times during pregnancy by any provider,_T: Total,2020,94.8,0: Units,PCNT: %,RP: Reported,F: Free,,,,,,Multiple Indicator Cluster Survey 2019-2020,,,EOF: End of fieldwork,,2010-2020,Y15T49: 15 to 49 years old,PSE
UNICEF:GLOBAL_DATAFLOW(1.0): Cross-sector indicators,SUR: Suriname,MNCH_ANC4: Antenatal care 4+ visits - percentage of women (aged 15-49 years) attended at least four times during pregnancy by any provider,_T: Total,2018,67.5,0: Units,PCNT: %,RP: Reported,F: Free,,,,,,Multiple Indicator Cluster Survey 2018,,,EOF: End of fieldwork,,2010-2018,Y15T49: 15 to 49 years old,SUR
UNICEF:GLOBAL_DATAFLOW(1.0): Cross-sector indicators,THA: Thailand,MNCH_ANC4: Antenatal care 4+ visits - percentage of women (aged 15-49 years) attended at least four times during pregnancy by any provider,_T: Total,2019,90.0,0: Units,PCNT: %,RP: Reported,F: Free,,,,,,Multiple Indicator Cluster Survey 2019,,,EOF: End of fieldwork,,2009-2022,Y15T49: 15 to 49 years old,THA
UNICEF:GLOBAL_DATAFLOW(1.0): Cross-sector indicators,TLS: Timor-Leste,MNCH_ANC4: Antenatal care 4+ visits - percentage of women (aged 15-49 years) attended at least four times during pregnancy by any provider,_T: Total,2020,83.1,0: Units,PCNT: %,RP: Reported,F: Free,,,,,,Food and Nutrition Survey 2020,,,EOF: End of fieldwork,,2003-2020,Y15T49: 15 to 49 years old,TLS
UNICEF:GLOBAL_DATAFLOW(1.0): Cross-sector indicators,TON: Tonga,MNCH_ANC4: Antenatal care 4+ visits - percentage of women (aged 15-49 years) attended at least four times during pregnancy by any provider,_T: Total,2019,88.5,0: Units,PCNT: %,RP: Reported,F: Free,,,,,,Multiple Indicator Cluster Survey 2019,,,EOF: End of fieldwork,,2012-2019,Y15T49: 15 to 49 years old,TON
UNICEF:GLOBAL_DATAFLOW(1.0): Cross-sector indicators,TUN: Tunisia,MNCH_ANC4: Antenatal care 4+ visits - percentage of women (aged 15-49 years) attended at least four times during pregnancy by any provider,_T: Total,2018,84.1,0: Units,PCNT: %,RP: Reported,F: Free,,,,,,Multiple Indicator Cluster Survey 2018,,,EOF: End of fieldwork,,2006-2018,Y15T49: 15 to 49 years old,TUN
UNICEF:GLOBAL_DATAFLOW(1.0): Cross-sector indicators,TKM: Turkmenistan,MNCH_ANC4: Antenatal care 4+ visits - percentage of women (aged 15-49 years) attended at least four times during pregnancy by any provider,_T: Total,2019,97.6,0: Units,PCNT: %,RP: Reported,F: Free,,,,,,Multiple Indicator Cluster Survey; 2019. Survey Report. Ashgabat; Turkmenistan; State Committee for Statistics of Turkmenistan and UNICEF.,,,EOF: End of fieldwork,,2000-2019,Y15T49: 15 to 49 years old,TKM
UNICEF:GLOBAL_DATAFLOW(1.0): Cross-sector indicators,TCA: Turks and Caicos Islands,MNCH_ANC4: Antenatal care 4+ visits - percentage of women (aged 15-49 years) attended at least four times during pregnancy by any provider,_T: Total,2020,93.2,0: Units,PCNT: %,RP: Reported,F: Free,,,,,,Multiple Indicator Cluster Survey 2019-2020,,,EOF: End of fieldwork,,2020,Y15T49: 15 to 49 years old,TCA
UNICEF:GLOBAL_DATAFLOW(1.0): Cross-sector indicators,TUV: Tuvalu,MNCH_ANC4: Antenatal care 4+ visits - percentage of women (aged 15-49 years) attended at least four times during pregnancy by any provider,_T: Total,2020,60.3,0: Units,PCNT: %,RP: Reported,F: Free,,,,,,Multiple Indicator Cluster Survey 2019-2020,,,EOF: End of fieldwork,,2007-2020,Y15T49: 15 to 49 years old,TUV
UNICEF:GLOBAL_DATAFLOW(1.0): Cross-sector indicators,TUR: Türkiye,MNCH_ANC4: Antenatal care 4+ visits - percentage of women (aged 15-49 years) attended at least four times during pregnancy by any provider,_T: Total,2018,89.7,0: Units,PCNT: %,RP: Reported,F: Free,,,,,,Turkey Demographic and Health Survey 2018. Hacettepe University Institute of Population Studies; T.R. Presidency of Turkey Directorate of Strategy and Budget and TÜBİTAK; Ankara; Turkey.,,,EOF: End of fieldwork,,2003-2018,Y15T49: 15 to 49 years old,TUR
UNICEF:GLOBAL_DATAFLOW(1.0): Cross-sector indicators,UGA: Uganda,MNCH_ANC4: Antenatal care 4+ visits - percentage of women (aged 15-49 years) attended at least four times during pregnancy by any provider,_T: Total,2018,56.7,0: Units,PCNT: %,RP: Reported,F: Free,,,,,,Uganda Malaria Indicator Survey 2018-19. Kampala; Uganda; and Rockville; Maryland; USA: NMCD; UBOS; and ICF.,,,EOF: End of fieldwork,,2001-2018,Y15T49: 15 to 49 years old,UGA
UNICEF:GLOBAL_DATAFLOW(1.0): Cross-sector indicators,ARE: United Arab Emirates,MNCH_SAB: Skilled birth attendant - percentage of deliveries attended by skilled health personnel,_T: Total,2018,99.2,0: Units,PCNT: %,RP: Reported,F: Free,,,,Institutional Birth (IB): includes all deliveries that occurred at a health facility,,UAE National health survey report 2017-2018. Dubai: Statistics & Research Centre; Ministry of Health & Prevention [United Arab Emirates]; 2018.,Joint UNICEF-WHO Database on Skilled Birth Attendance 2024 (SDG inclusion=1),,EOF: End of fieldwork,,2004-2022,Y15T49: 15 to 49 years old,ARE
UNICEF:GLOBAL_DATAFLOW(1.0): Cross-sector indicators,TZA: United Republic of Tanzania,MNCH_ANC4: Antenatal care 4+ visits - percentage of women (aged 15-49 years) attended at least four times during pregnancy by any provider,_T: Total,2022,65.1,0: Units,PCNT: %,RP: Reported,F: Free,,,,,,Demographic and Health Survey 2022,,,EOF: End of fieldwork,,2005-2022,Y15T49: 15 to 49 years old,TZA
UNICEF:GLOBAL_DATAFLOW(1.0): Cross-sector indicators,USA: United States,MNCH_SAB: Skilled birth attendant - percentage of deliveries attended by skilled health personnel,_T: Total,2018,99.1,0: Units,PCNT: %,RP: Reported,F: Free,,,,"Cadres included align with the standard definition of: Doctor, nurse and/or midwife",,Martin JA; Hamilton BE; Osterman MJK; Driscoll AK. Births: Final Data for 2018. National Vital Statistics Reports; vol 68; no 13. Supplemental tables. Table I-4. Hyattsville; MD: National Center for Health Statistics; 2019.,Joint UNICEF-WHO Database on Skilled Birth Attendance 2024 (SDG inclusion=1),,EOF: End of fieldwork,,2000-2021,Y15T49: 15 to 49 years old,USA
UNICEF:GLOBAL_DATAFLOW(1.0): Cross-sector indicators,URY: Uruguay,MNCH_ANC4: Antenatal care 4+ visits - percentage of women (aged 15-49 years) attended at least four times during pregnancy by any provider,_T: Total,2020,96.8,0: Units,PCNT: %,RP: Reported,F: Free,,,,,,Sistema de Información Perinatal,"Data downloaded from United Nations, Department of Economic and Social Affairs, Population Division (2022). World Population Prospects 2022, Online Edition.",,EOF: End of fieldwork,,2007-2022,Y15T49: 15 to 49 years old,URY
UNICEF:GLOBAL_DATAFLOW(1.0): Cross-sector indicators,UZB: Uzbekistan,MNCH_ANC4: Antenatal care 4+ visits - percentage of women (aged 15-49 years) attended at least four times during pregnancy by any provider,_T: Total,2022,89.5,0: Units,PCNT: %,RP: Reported,F: Free,,,,,,Multiple Indicator Cluster Survey 2021-2022,,,EOF: End of fieldwork,,2022,Y15T49: 15 to 49 years old,UZB
UNICEF:GLOBAL_DATAFLOW(1.0): Cross-sector indicators,VEN: Venezuela (Bolivarian Republic of),MNCH_SAB: Skilled birth attendant - percentage of deliveries attended by skilled health personnel,_T: Total,2018,98.7,0: Units,PCNT: %,RP: Reported,F: Free,,,,Unclear definition of the cadres included (Trained personnel),,PLISA Health Information Platform. Indicator profile: Deliveries attended by skilled birth attendants (%) [online database]. Washington; DC: Pan American Health Organization/World Health Organization (PAHO/WHO); 2021 (https://opendata.paho.org/es/indicadores-basicos/tablero-de-los-indicadores-basicos; accessed 30 December 2021).,Joint UNICEF-WHO Database on Skilled Birth Attendance 2024 (SDG inclusion=1),,EOF: End of fieldwork,,2000-2018,Y15T49: 15 to 49 years old,VEN
UNICEF:GLOBAL_DATAFLOW(1.0): Cross-sector indicators,VNM: Viet Nam,MNCH_ANC4: Antenatal care 4+ visits - percentage of women (aged 15-49 years) attended at least four times during pregnancy by any provider,_T: Total,2021,88.2,0: Units,PCNT: %,RP: Reported,F: Free,,,,,,Viet Nam Sustainable Development Goal on Children and Women Survey 2020-2021 (Key Indicators),,,EOF: End of fieldwork,,2002-2021,Y15T49: 15 to 49 years old,VNM
UNICEF:GLOBAL_DATAFLOW(1.0): Cross-sector indicators,ZMB: Zambia,MNCH_ANC4: Antenatal care 4+ visits - percentage of women (aged 15-49 years) attended at least four times during pregnancy by any provider,_T: Total,2019,63.5,0: Units,PCNT: %,RP: Reported,F: Free,,,,,,Demographic and Health Survey 2018-2019,,,EOF: End of fieldwork,,2002-2019,Y15T49: 15 to 49 years old,ZMB
UNICEF:GLOBAL_DATAFLOW(1.0): Cross-sector indicators,ZWE: Zimbabwe,MNCH_ANC4: Antenatal care 4+ visits - percentage of women (aged 15-49 years) attended at least four times during pregnancy by any provider,_T: Total,2019,71.5,0: Units,PCNT: %,RP: Reported,F: Free,,,,,,Multiple Indicator Cluster Survey 2019,,,EOF: End of fieldwork,,2006-2019,Y15T49: 15 to 49 years old,ZWE
